leiden,cell_type,compartment_score,n_cells,comp_Macrophage/Mono,comp_pDC,comp_B,comp_Plasma,comp_NK,comp_T,lym_cycling,lym_treg,lym_cd8,lym_cd4,cd8state_memory,cd8state_exhausted
0,NK,4.3,656,0.243,-0.229,-0.528,-0.082,4.3,-0.496,,,,,,
1,CD4 T conv,0.406,1525,-0.25,-0.24,-0.523,-0.51,-0.206,0.406,-0.415,-0.476,-0.287,0.088,,
10,CD4 T conv,0.655,589,-0.253,-0.24,-0.447,-0.52,-0.152,0.655,-0.184,0.072,-0.189,0.255,,
11,CD4 T conv,0.345,662,-0.219,-0.235,-0.51,-0.497,0.177,0.345,-0.305,-0.681,-0.869,-0.659,,
12,pDC,5.041,292,1.17,5.041,-0.554,4.017,-0.455,-1.737,,,,,,
13,CD4 T conv,0.579,335,-0.226,-0.241,-0.441,-0.455,0.038,0.579,0.229,-0.119,-0.382,-0.186,,
14,NK,0.464,815,-0.198,-0.241,-0.527,-0.399,0.464,0.44,,,,,,
15,CD4 T conv,0.653,518,-0.231,-0.232,-0.498,-0.527,-0.101,0.653,-0.344,-0.476,-0.342,0.978,,
16,CD8 exhausted,0.694,472,-0.222,-0.242,-0.519,-0.29,0.037,0.694,-0.282,-0.465,0.609,-0.331,-0.222,0.342
17,CD8 memory-like,0.727,242,-0.262,-0.225,-0.488,-0.516,-0.076,0.727,-0.223,-0.284,0.503,-0.265,0.378,-0.277
18,CD8 memory-like,0.617,517,-0.237,-0.239,-0.487,-0.514,-0.159,0.617,-0.261,0.159,0.092,-0.106,0.832,-0.523
19,Macrophage/Mono,4.593,1410,4.593,0.452,-0.561,0.186,-0.569,-1.753,,,,,,
2,Treg,0.79,738,-0.274,-0.238,-0.3,-0.393,-0.518,0.79,-0.235,3.736,-2.946,2.925,,
20,CD4 T conv,0.777,597,-0.237,-0.236,-0.464,-0.578,-0.244,0.777,-0.377,0.349,-0.254,0.337,,
21,B,0.381,297,-0.246,-0.182,0.381,-0.383,-0.025,-0.24,,,,,,
22,CD8 memory-like,0.663,265,-0.234,-0.221,-0.29,-0.287,-0.135,0.663,-0.287,-0.528,0.274,-0.195,-0.042,-0.76
23,B,1.197,307,-0.273,-0.16,1.197,0.379,-0.363,-0.784,,,,,,
24,B,2.035,300,-0.277,-0.125,2.035,1.535,-0.622,-1.748,,,,,,
25,B,2.235,361,-0.277,-0.116,2.235,1.026,-0.546,-1.708,,,,,,
26,B,2.511,453,-0.269,-0.079,2.511,-0.003,-0.656,-1.724,,,,,,
27,B,2.16,419,-0.241,-0.095,2.16,0.965,-0.589,-1.703,,,,,,
3,CD4 T conv,0.783,992,-0.253,-0.237,-0.45,-0.376,-0.185,0.783,-0.143,0.481,-0.086,0.708,,
4,CD8 memory-like,0.693,939,-0.247,-0.238,-0.499,-0.567,-0.138,0.693,-0.134,-0.208,0.713,-0.063,0.574,-0.112
5,CD4 T conv,0.53,342,-0.25,-0.241,-0.501,-0.357,0.086,0.53,-0.409,-0.462,-0.488,-0.153,,
6,Cycling T,0.803,660,-0.166,-0.246,-0.408,0.049,0.078,0.803,3.931,0.156,0.138,-0.281,,
7,CD8 memory-like,0.674,488,-0.241,-0.23,-0.52,-0.469,0.169,0.674,-0.41,-0.517,1.591,-0.98,0.267,-0.279
8,CD8 memory-like,0.311,235,-0.186,-0.234,-0.489,-0.101,-0.001,0.311,0.007,-0.225,0.22,-0.219,-0.37,-0.505
9,CD8 exhausted,0.753,634,-0.238,-0.251,-0.516,-0.333,0.391,0.753,-0.158,-0.511,1.701,-1.855,-1.417,2.114
