leiden,n_cells,n_patients,n_biopsies,pct_cells
1,1525,32,48,9.5
19,1410,29,44,8.78
3,992,32,48,6.18
4,939,32,48,5.85
14,815,32,48,5.07
2,738,32,48,4.6
11,662,32,48,4.12
6,660,30,46,4.11
0,656,32,47,4.08
9,634,32,46,3.95
20,597,32,47,3.72
10,589,32,47,3.67
15,518,32,48,3.23
18,517,32,47,3.22
7,488,32,47,3.04
16,472,31,46,2.94
26,453,26,34,2.82
27,419,31,40,2.61
25,361,27,34,2.25
5,342,27,35,2.13
13,335,32,46,2.09
23,307,32,44,1.91
24,300,27,33,1.87
21,297,29,43,1.85
12,292,26,39,1.82
22,265,32,47,1.65
17,242,31,44,1.51
8,235,28,38,1.46
