biopsy,patient,timepoint,response,therapy,n_cells,n_cells_sorted,sort_fractions
Post_P1,P1,Post,Responder,anti-PD1,291,0,unsorted
Post_P1_2,P1,Post,Non-responder,anti-PD1,353,0,unsorted
Pre_P1,P1,Pre,Responder,anti-CTLA4,229,0,unsorted
Post_P10,P10,Post,Non-responder,anti-PD1,396,88,T_enriched+unsorted
Post_P11,P11,Post,Non-responder,anti-PD1,313,0,unsorted
Post_P12,P12,Post,Non-responder,anti-PD1,323,0,unsorted
Pre_P12,P12,Pre,Non-responder,anti-PD1,330,0,unsorted
Post_P13,P13,Post,Non-responder,anti-CTLA4+PD1,449,184,T_enriched+unsorted
Post_P14,P14,Post,Non-responder,anti-PD1,329,0,unsorted
Post_P15,P15,Post,Non-responder,anti-PD1,304,0,unsorted
Pre_P15,P15,Pre,Non-responder,anti-PD1,304,0,unsorted
Post_P16,P16,Post,Non-responder,anti-PD1,463,94,T_enriched+unsorted
Post_P17,P17,Post,Responder,anti-PD1,281,43,myeloid_enriched+unsorted
Post_P18,P18,Post,Non-responder,anti-PD1,357,0,unsorted
Post_P19,P19,Post,Responder,anti-PD1,403,75,myeloid_enriched+unsorted
Post_P2,P2,Post,Non-responder,anti-PD1,380,79,T_enriched+unsorted
Pre_P2,P2,Pre,Non-responder,anti-PD1,337,0,unsorted
Post_P20,P20,Post,Non-responder,anti-PD1,358,0,unsorted
Pre_P20,P20,Pre,Non-responder,anti-PD1,323,0,unsorted
Post_P21,P21,Post,Responder,anti-PD1,213,0,unsorted
Post_P22,P22,Post,Non-responder,anti-PD1,260,0,unsorted
Post_P23,P23,Post,Non-responder,anti-PD1,358,0,unsorted
Post_P23_2,P23,Post,Non-responder,anti-PD1,362,0,unsorted
Pre_P24,P24,Pre,Responder,anti-PD1,338,0,unsorted
Pre_P25,P25,Pre,Non-responder,anti-PD1,371,0,unsorted
Pre_P26,P26,Pre,Responder,anti-CTLA4+PD1,333,0,unsorted
Pre_P27,P27,Pre,Non-responder,anti-PD1,343,0,unsorted
Post_P28,P28,Post,Non-responder,anti-CTLA4+PD1,369,0,unsorted
Post_P28_2,P28,Post,Non-responder,anti-CTLA4+PD1,372,0,unsorted
Pre_P28,P28,Pre,Responder,anti-CTLA4+PD1,337,0,unsorted
Pre_P29,P29,Pre,Responder,anti-PD1,163,0,unsorted
Post_P3,P3,Post,Non-responder,anti-PD1,359,0,unsorted
Post_P3_2,P3,Post,Non-responder,anti-PD1,358,0,unsorted
Pre_P3,P3,Pre,Non-responder,anti-PD1,245,0,unsorted
Post_P30,P30,Post,Non-responder,anti-PD1,369,0,unsorted
Pre_P31,P31,Pre,Non-responder,anti-PD1,351,0,unsorted
Pre_P33,P33,Pre,Responder,anti-PD1,452,0,unsorted
Pre_P35,P35,Pre,Responder,anti-PD1,238,0,unsorted
Post_P4,P4,Post,Responder,anti-CTLA4+PD1,675,254,T_enriched+unsorted
Pre_P4,P4,Pre,Non-responder,anti-CTLA4+PD1,311,0,unsorted
Post_P5,P5,Post,Non-responder,anti-PD1,292,0,unsorted
Post_P5_2,P5,Post,Responder,anti-PD1,336,0,unsorted
Post_P6,P6,Post,Non-responder,anti-PD1,400,92,T_enriched+unsorted
Pre_P6,P6,Pre,Non-responder,anti-CTLA4,288,0,unsorted
Post_P7,P7,Post,Responder,anti-CTLA4+PD1,231,0,unsorted
Pre_P7,P7,Pre,Responder,anti-CTLA4+PD1,368,0,unsorted
Post_P8,P8,Post,Responder,anti-CTLA4+PD1,409,82,T_enriched+unsorted
Pre_P8,P8,Pre,Responder,anti-CTLA4+PD1,267,0,unsorted
