patient,CD8 memory-like,CD8 exhausted,CD4 T conv,Treg,Cycling T,NK,B,Macrophage/Mono,pDC,response,n_biopsies
P1,0.2387434791649715,0.060633820644263016,0.35824156698943105,0.058525454989286387,0.05528010584019697,0.12960843346261988,0.06698702011024016,0.02329998704120595,0.00868013175778507,Inconsistent,3
P10,0.14882506527415143,0.15404699738903394,0.3289817232375979,0.05221932114882506,0.0391644908616188,0.09660574412532637,0.10182767624020887,0.02349869451697128,0.05483028720626632,Non-responder,1
P11,0.27419354838709675,0.08387096774193549,0.36774193548387096,0.03225806451612903,0.01935483870967742,0.08387096774193549,0.035483870967741936,0.1,0.0032258064516129032,Non-responder,1
P12,0.138881338821154,0.1478411120602625,0.36607905568067095,0.043866972120835596,0.03763493049623359,0.11945717170148326,0.027801506562087443,0.09691698376951152,0.021520928787761125,Non-responder,2
P13,0.13990825688073394,0.13761467889908258,0.2958715596330275,0.03211009174311927,0.027522935779816515,0.04357798165137615,0.30045871559633025,0.01834862385321101,0.0045871559633027525,Non-responder,1
P14,0.11384615384615385,0.052307692307692305,0.28615384615384615,0.033846153846153845,0.027692307692307693,0.17846153846153845,0.09538461538461539,0.2,0.012307692307692308,Non-responder,1
P15,0.23127865511971474,0.04331214423353784,0.3543600079735985,0.07659084365102217,0.051540454938093866,0.08818024762453211,0.038278810161908344,0.09647500498349908,0.019983831314093335,Non-responder,2
P16,0.17400881057268722,0.048458149779735685,0.3370044052863436,0.04185022026431718,0.06607929515418502,0.09691629955947137,0.08149779735682819,0.048458149779735685,0.10572687224669604,Non-responder,1
P17,0.09386281588447654,0.04693140794223827,0.3862815884476534,0.032490974729241874,0.0036101083032490976,0.13357400722021662,0.22743682310469315,0.07581227436823104,0.0,Responder,1
P18,0.1295774647887324,0.016901408450704224,0.23661971830985915,0.03380281690140845,0.02535211267605634,0.04225352112676056,0.48450704225352115,0.02535211267605634,0.005633802816901409,Non-responder,1
P19,0.1141439205955335,0.03722084367245657,0.26054590570719605,0.03225806451612903,0.004962779156327543,0.12655086848635236,0.29528535980148884,0.07692307692307693,0.052109181141439205,Responder,1
P2,0.168240442192538,0.10158254918733961,0.4059518325985392,0.058909653221030464,0.04467987102717642,0.09883529644008687,0.05093110482332039,0.06799861814831876,0.0028706323616503257,Non-responder,2
P20,0.17886882423065037,0.11292330787231225,0.3374983442977615,0.03632389950991214,0.07750894079208795,0.08879862245573755,0.0786215726963663,0.059084286281955056,0.03037220186321692,Non-responder,2
P21,0.14622641509433962,0.0330188679245283,0.32075471698113206,0.0330188679245283,0.0,0.05188679245283019,0.4009433962264151,0.014150943396226415,0.0,Responder,1
P22,0.1969111969111969,0.03861003861003861,0.4555984555984556,0.03088803088803089,0.04247104247104247,0.13127413127413126,0.04633204633204633,0.04633204633204633,0.011583011583011582,Non-responder,1
P23,0.193995552260934,0.06720767820217705,0.36153486013031094,0.04753618664897975,0.06004837891615622,0.10744411064726309,0.0906129296554953,0.060422925363817256,0.011197378174866372,Non-responder,2
P24,0.24260355029585798,0.03550295857988166,0.47041420118343197,0.0621301775147929,0.026627218934911243,0.05325443786982249,0.07396449704142012,0.01775147928994083,0.01775147928994083,Responder,1
P25,0.1918918918918919,0.0972972972972973,0.45675675675675675,0.03513513513513514,0.02972972972972973,0.1837837837837838,0.005405405405405406,0.0,0.0,Non-responder,1
P26,0.07207207207207207,0.018018018018018018,0.24324324324324326,0.03303303303303303,0.012012012012012012,0.018018018018018018,0.5585585585585585,0.03903903903903904,0.006006006006006006,Responder,1
P27,0.18235294117647058,0.14411764705882352,0.40294117647058825,0.05588235294117647,0.029411764705882353,0.10294117647058823,0.023529411764705882,0.03529411764705882,0.023529411764705882,Non-responder,1
P28,0.12553675368241404,0.030955437864441233,0.28946414444083457,0.0435075257509115,0.01823261957543344,0.05862548434503764,0.02468303643074948,0.4052128334635938,0.003782164446584283,Inconsistent,3
P29,0.25766871165644173,0.06134969325153374,0.4171779141104294,0.04294478527607362,0.018404907975460124,0.024539877300613498,0.09202453987730061,0.08588957055214724,0.0,Responder,1
P3,0.2002019736700041,0.04703572808172999,0.41807798707733207,0.043656232080175245,0.029808631267290008,0.14889310367165962,0.052395396209574674,0.04793995494101303,0.011990993001221245,Non-responder,3
P30,0.18478260869565216,0.03804347826086957,0.25271739130434784,0.0625,0.07336956521739131,0.16032608695652173,0.021739130434782608,0.17391304347826086,0.03260869565217391,Non-responder,1
P31,0.18911174785100288,0.13753581661891118,0.4154727793696275,0.05157593123209169,0.07449856733524356,0.09169054441260745,0.017191977077363897,0.011461318051575931,0.011461318051575931,Non-responder,1
P33,0.23008849557522124,0.05752212389380531,0.4092920353982301,0.061946902654867256,0.022123893805309734,0.05088495575221239,0.168141592920354,0.0,0.0,Responder,1
P35,0.07983193277310924,0.05042016806722689,0.2815126050420168,0.029411764705882353,0.0,0.08823529411764706,0.47058823529411764,0.0,0.0,Responder,1
P4,0.12097989451560455,0.0854582226275925,0.2668884086132371,0.03581413332275846,0.028849585597017884,0.052846294166633626,0.225909108934449,0.15739877860173693,0.025855573620969984,Inconsistent,2
P5,0.18879310344827588,0.0956588669950739,0.42210591133004927,0.045915435139573066,0.03722290640394089,0.09660303776683088,0.025933908045977012,0.08431855500821019,0.0034482758620689655,Inconsistent,2
P6,0.06971649484536083,0.04878497790868925,0.14723858615611193,0.04342783505154639,0.1607142857142857,0.04005891016200294,0.22071060382916052,0.19517673048600884,0.07417157584683358,Non-responder,2
P7,0.21802653867871258,0.056118247694334655,0.4098261340109166,0.061553030303030304,0.021944993412384716,0.06553500846979109,0.1150479954827781,0.049783549783549784,0.0021645021645021645,Responder,2
P8,0.13701260749770394,0.04083869082407948,0.3796965016281205,0.02448442848793521,0.020445437087751525,0.10631836019036486,0.23508599816314604,0.04729898973031644,0.00881898639058195,Responder,2
