biopsy,CD8 memory-like,CD8 exhausted,CD4 T conv,Treg,Cycling T,NK,B,Macrophage/Mono,pDC,patient,timepoint,response,therapy,n_cells
Post_P1,0.32857142857142857,0.025,0.325,0.05357142857142857,0.07142857142857142,0.11428571428571428,0.04285714285714286,0.03214285714285714,0.007142857142857143,P1,Post,Responder,anti-PD1,280
Post_P10,0.14882506527415143,0.15404699738903394,0.3289817232375979,0.05221932114882506,0.0391644908616188,0.09660574412532637,0.10182767624020887,0.02349869451697128,0.05483028720626632,P10,Post,Non-responder,anti-PD1,383
Post_P11,0.27419354838709675,0.08387096774193549,0.36774193548387096,0.03225806451612903,0.01935483870967742,0.08387096774193549,0.035483870967741936,0.1,0.0032258064516129032,P11,Post,Non-responder,anti-PD1,310
Post_P12,0.1550632911392405,0.13924050632911392,0.46835443037974683,0.060126582278481014,0.05379746835443038,0.08860759493670886,0.012658227848101266,0.0189873417721519,0.0031645569620253164,P12,Post,Non-responder,anti-PD1,316
Post_P13,0.13990825688073394,0.13761467889908258,0.2958715596330275,0.03211009174311927,0.027522935779816515,0.04357798165137615,0.30045871559633025,0.01834862385321101,0.0045871559633027525,P13,Post,Non-responder,anti-CTLA4+PD1,436
Post_P14,0.11384615384615385,0.052307692307692305,0.28615384615384615,0.033846153846153845,0.027692307692307693,0.17846153846153845,0.09538461538461539,0.2,0.012307692307692308,P14,Post,Non-responder,anti-PD1,325
Post_P15,0.23076923076923078,0.05351170568561873,0.34448160535117056,0.08695652173913043,0.043478260869565216,0.08695652173913043,0.04013377926421405,0.0903010033444816,0.023411371237458192,P15,Post,Non-responder,anti-PD1,299
Post_P16,0.17400881057268722,0.048458149779735685,0.3370044052863436,0.04185022026431718,0.06607929515418502,0.09691629955947137,0.08149779735682819,0.048458149779735685,0.10572687224669604,P16,Post,Non-responder,anti-PD1,454
Post_P17,0.09386281588447654,0.04693140794223827,0.3862815884476534,0.032490974729241874,0.0036101083032490976,0.13357400722021662,0.22743682310469315,0.07581227436823104,0.0,P17,Post,Responder,anti-PD1,277
Post_P18,0.1295774647887324,0.016901408450704224,0.23661971830985915,0.03380281690140845,0.02535211267605634,0.04225352112676056,0.48450704225352115,0.02535211267605634,0.005633802816901409,P18,Post,Non-responder,anti-PD1,355
Post_P19,0.1141439205955335,0.03722084367245657,0.26054590570719605,0.03225806451612903,0.004962779156327543,0.12655086848635236,0.29528535980148884,0.07692307692307693,0.052109181141439205,P19,Post,Responder,anti-PD1,403
Post_P1_2,0.22608695652173913,0.06956521739130435,0.3130434782608696,0.06086956521739131,0.0463768115942029,0.13043478260869565,0.12753623188405797,0.020289855072463767,0.005797101449275362,P1,Post,Non-responder,anti-PD1,345
Post_P2,0.15384615384615385,0.07142857142857142,0.5274725274725275,0.054945054945054944,0.038461538461538464,0.06593406593406594,0.06593406593406594,0.019230769230769232,0.0027472527472527475,P2,Post,Non-responder,anti-PD1,364
Post_P20,0.16338028169014085,0.10985915492957747,0.352112676056338,0.05070422535211268,0.09859154929577464,0.09295774647887324,0.07887323943661972,0.008450704225352112,0.04507042253521127,P20,Post,Non-responder,anti-PD1,355
Post_P21,0.14622641509433962,0.0330188679245283,0.32075471698113206,0.0330188679245283,0.0,0.05188679245283019,0.4009433962264151,0.014150943396226415,0.0,P21,Post,Responder,anti-PD1,212
Post_P22,0.1969111969111969,0.03861003861003861,0.4555984555984556,0.03088803088803089,0.04247104247104247,0.13127413127413126,0.04633204633204633,0.04633204633204633,0.011583011583011582,P22,Post,Non-responder,anti-PD1,259
Post_P23,0.17746478873239438,0.08732394366197183,0.3380281690140845,0.05352112676056338,0.059154929577464786,0.09577464788732394,0.07042253521126761,0.10422535211267606,0.014084507042253521,P23,Post,Non-responder,anti-PD1,355
Post_P23_2,0.21052631578947367,0.04709141274238227,0.3850415512465374,0.04155124653739612,0.060941828254847646,0.11911357340720222,0.11080332409972299,0.01662049861495845,0.008310249307479225,P23,Post,Non-responder,anti-PD1,361
Post_P28,0.008130081300813009,0.0,0.018970189701897018,0.0027100271002710027,0.005420054200542005,0.0027100271002710027,0.0,0.962059620596206,0.0,P28,Post,Non-responder,anti-CTLA4+PD1,369
Post_P28_2,0.20430107526881722,0.051075268817204304,0.28225806451612906,0.08602150537634409,0.04032258064516129,0.053763440860215055,0.03225806451612903,0.2446236559139785,0.005376344086021506,P28,Post,Non-responder,anti-CTLA4+PD1,372
Post_P3,0.16285714285714287,0.07714285714285714,0.4657142857142857,0.04285714285714286,0.04285714285714286,0.09714285714285714,0.037142857142857144,0.07142857142857142,0.002857142857142857,P3,Post,Non-responder,anti-PD1,350
Post_P30,0.18478260869565216,0.03804347826086957,0.25271739130434784,0.0625,0.07336956521739131,0.16032608695652173,0.021739130434782608,0.17391304347826086,0.03260869565217391,P30,Post,Non-responder,anti-PD1,368
Post_P3_2,0.23595505617977527,0.028089887640449437,0.4297752808988764,0.047752808988764044,0.019662921348314606,0.14325842696629212,0.03932584269662921,0.03651685393258427,0.019662921348314606,P3,Post,Non-responder,anti-PD1,356
Post_P4,0.12275449101796407,0.011976047904191617,0.3218562874251497,0.058383233532934134,0.017964071856287425,0.04940119760479042,0.39221556886227543,0.01347305389221557,0.011976047904191617,P4,Post,Responder,anti-CTLA4+PD1,668
Post_P5,0.12758620689655173,0.09310344827586207,0.3620689655172414,0.06206896551724138,0.06551724137931035,0.10689655172413794,0.03103448275862069,0.14482758620689656,0.006896551724137931,P5,Post,Non-responder,anti-PD1,290
Post_P5_2,0.25,0.09821428571428571,0.48214285714285715,0.02976190476190476,0.008928571428571428,0.08630952380952381,0.020833333333333332,0.023809523809523808,0.0,P5,Post,Responder,anti-PD1,336
Post_P6,0.06443298969072164,0.061855670103092786,0.20876288659793815,0.061855670103092786,0.25,0.05154639175257732,0.059278350515463915,0.15463917525773196,0.08762886597938144,P6,Post,Non-responder,anti-PD1,388
Post_P7,0.2077922077922078,0.06060606060606061,0.354978354978355,0.06060606060606061,0.030303030303030304,0.1038961038961039,0.07792207792207792,0.09956709956709957,0.004329004329004329,P7,Post,Responder,anti-CTLA4+PD1,231
Post_P8,0.0960591133004926,0.06896551724137931,0.3399014778325123,0.03201970443349754,0.019704433497536946,0.0812807881773399,0.3472906403940887,0.009852216748768473,0.0049261083743842365,P8,Post,Responder,anti-CTLA4+PD1,406
Pre_P1,0.1615720524017467,0.08733624454148471,0.4366812227074236,0.0611353711790393,0.048034934497816595,0.14410480349344978,0.03056768558951965,0.017467248908296942,0.013100436681222707,P1,Pre,Responder,anti-CTLA4,229
Pre_P12,0.12269938650306748,0.15644171779141106,0.26380368098159507,0.027607361963190184,0.02147239263803681,0.15030674846625766,0.04294478527607362,0.17484662576687116,0.03987730061349693,P12,Pre,Non-responder,anti-PD1,326
Pre_P15,0.23178807947019867,0.033112582781456956,0.36423841059602646,0.06622516556291391,0.059602649006622516,0.08940397350993377,0.03642384105960265,0.10264900662251655,0.016556291390728478,P15,Pre,Non-responder,anti-PD1,302
Pre_P2,0.18263473053892215,0.1317365269461078,0.2844311377245509,0.06287425149700598,0.05089820359281437,0.1317365269461078,0.03592814371257485,0.11676646706586827,0.0029940119760479044,P2,Pre,Non-responder,anti-PD1,334
Pre_P20,0.19435736677115986,0.11598746081504702,0.322884012539185,0.0219435736677116,0.05642633228840126,0.08463949843260188,0.07836990595611286,0.109717868338558,0.01567398119122257,P20,Pre,Non-responder,anti-PD1,319
Pre_P24,0.24260355029585798,0.03550295857988166,0.47041420118343197,0.0621301775147929,0.026627218934911243,0.05325443786982249,0.07396449704142012,0.01775147928994083,0.01775147928994083,P24,Pre,Responder,anti-PD1,338
Pre_P25,0.1918918918918919,0.0972972972972973,0.45675675675675675,0.03513513513513514,0.02972972972972973,0.1837837837837838,0.005405405405405406,0.0,0.0,P25,Pre,Non-responder,anti-PD1,370
Pre_P26,0.07207207207207207,0.018018018018018018,0.24324324324324326,0.03303303303303303,0.012012012012012012,0.018018018018018018,0.5585585585585585,0.03903903903903904,0.006006006006006006,P26,Pre,Responder,anti-CTLA4+PD1,333
Pre_P27,0.18235294117647058,0.14411764705882352,0.40294117647058825,0.05588235294117647,0.029411764705882353,0.10294117647058823,0.023529411764705882,0.03529411764705882,0.023529411764705882,P27,Pre,Non-responder,anti-PD1,340
Pre_P28,0.16417910447761194,0.041791044776119404,0.5671641791044776,0.041791044776119404,0.008955223880597015,0.11940298507462686,0.041791044776119404,0.008955223880597015,0.005970149253731343,P28,Pre,Responder,anti-CTLA4+PD1,335
Pre_P29,0.25766871165644173,0.06134969325153374,0.4171779141104294,0.04294478527607362,0.018404907975460124,0.024539877300613498,0.09202453987730061,0.08588957055214724,0.0,P29,Pre,Responder,anti-PD1,163
Pre_P3,0.20179372197309417,0.03587443946188341,0.35874439461883406,0.04035874439461883,0.026905829596412557,0.2062780269058296,0.08071748878923767,0.03587443946188341,0.013452914798206279,P3,Pre,Non-responder,anti-PD1,223
Pre_P31,0.18911174785100288,0.13753581661891118,0.4154727793696275,0.05157593123209169,0.07449856733524356,0.09169054441260745,0.017191977077363897,0.011461318051575931,0.011461318051575931,P31,Pre,Non-responder,anti-PD1,349
Pre_P33,0.23008849557522124,0.05752212389380531,0.4092920353982301,0.061946902654867256,0.022123893805309734,0.05088495575221239,0.168141592920354,0.0,0.0,P33,Pre,Responder,anti-PD1,452
Pre_P35,0.07983193277310924,0.05042016806722689,0.2815126050420168,0.029411764705882353,0.0,0.08823529411764706,0.47058823529411764,0.0,0.0,P35,Pre,Responder,anti-PD1,238
Pre_P4,0.11920529801324503,0.15894039735099338,0.2119205298013245,0.013245033112582781,0.039735099337748346,0.056291390728476824,0.059602649006622516,0.30132450331125826,0.039735099337748346,P4,Pre,Non-responder,anti-CTLA4+PD1,302
Pre_P6,0.075,0.03571428571428571,0.08571428571428572,0.025,0.07142857142857142,0.02857142857142857,0.3821428571428571,0.2357142857142857,0.060714285714285714,P6,Pre,Non-responder,anti-CTLA4,280
Pre_P7,0.22826086956521738,0.051630434782608696,0.46467391304347827,0.0625,0.01358695652173913,0.02717391304347826,0.15217391304347827,0.0,0.0,P7,Pre,Responder,anti-CTLA4+PD1,368
Pre_P8,0.17796610169491525,0.012711864406779662,0.4194915254237288,0.01694915254237288,0.0211864406779661,0.13135593220338984,0.1228813559322034,0.0847457627118644,0.012711864406779662,P8,Pre,Responder,anti-CTLA4+PD1,236
